add,456,Î¢²©,123,1,5,1,0,0,5,64,#7,1,weibo,ffffffff,ff000000,0,0,0,0,0,0,1,0,1,0,0,0,0,0,1,1
add,456,Î¢²©,123,1,5,1,0,0,5,64,#7,1,weibo,ffffffff,ff000000,0,0,0,0,0,0,1,0,1,0,1,0,0,0,2,1
add,456,Î¢²©,123,1,5,1,0,0,5,64,#7,1,weibo,ffffffff,ff000000,0,0,0,0,0,0,1,0,1,0,2,0,0,0,3,1
add,456,Î¢²©,123,1,5,1,0,0,5,64,#7,1,weibo,ffffffff,ff000000,0,0,0,0,0,0,1,0,1,0,3,0,0,0,4,1
add,456,Î¢²©,123,1,5,1,0,0,5,64,#7,1,weibo,ffffffff,ff000000,0,0,0,0,0,0,1,0,1,0,4,0,0,0,5,1
add,456,Î¢²©,123,1,5,1,0,0,5,64,#7,1,weibo,ffffffff,ff000000,0,0,0,0,0,0,1,0,1,0,5,0,0,0,6,1
add,456,Î¢²©,123,1,5,1,0,0,5,64,#7,1,weibo,ffffffff,ff000000,0,0,0,0,0,0,1,0,1,0,6,0,0,0,7,1
add,456,Î¢²©,123,1,5,1,0,0,5,64,#7,1,weibo,ffffffff,ff000000,0,0,0,0,0,0,1,0,1,0,7,0,0,0,8,1
add,456,Î¢²©,123,1,5,1,0,0,5,64,#7,1,weibo,ffffffff,ff000000,0,0,0,0,0,0,1,0,1,0,8,0,0,0,9,1
add,456,Î¢²©,123,1,5,1,0,0,5,64,#7,1,weibo,ffffffff,ff000000,0,0,0,0,0,0,1,0,1,0,9,0,0,0,10,1
add,456,Î¢²©,123,1,5,1,0,0,5,64,#7,1,weibo,ffffffff,ff000000,0,0,0,0,0,0,1,0,1,0,10,0,0,0,11,1
add,456,Î¢²©,123,1,5,1,0,0,5,64,#7,1,weibo,ffffffff,ff000000,0,0,0,0,0,0,1,0,1,0,11,0,0,0,12,1
add,456,Î¢²©,123,1,5,1,0,0,5,64,#7,1,weibo,ffffffff,ff000000,0,0,0,0,0,0,1,0,1,0,12,0,0,0,13,1
add,456,Î¢²©,123,1,5,1,0,0,5,64,#7,1,weibo,ffffffff,ff000000,0,0,0,0,0,0,1,0,1,0,13,0,0,0,14,1
add,456,Î¢²©,123,1,5,1,0,0,5,64,#7,1,weibo,ffffffff,ff000000,0,0,0,0,0,0,1,0,1,0,14,0,0,0,15,1
add,456,Î¢²©,123,1,5,1,0,0,5,64,#7,1,weibo,ffffffff,ff000000,0,0,0,0,0,0,1,0,1,0,15,0,0,0,16,1
add,444,ÌÚÑ¶QQ,333,1,5,0,1,0,5,64,#7,2,02352c**,ffffff00,0,0,0,0,0,0,0,2,0,1,0,0,0,0,0,17,1
